x	y	z	pitch	yaw	roll	intensity 1	intensity 2	intensity 3	intensity 4
-32.27820587158203	12.156065940856934	-34.407344818115234	-0.5119262307785405	-153.3066212627009	-42.277635189073656	0.7200000286102295	1.100000023841858	0.16382622718811035	3.0
51.853660583496094	1.615563988685608	1705.8319091796875	107.42836528233289	-38.54005248394418	-27.19078182090078	0.2472679764032364	0.7101789712905884	3.0	3.0
18.20725440979004	48.347991943359375	56.782684326171875	31.114657106515477	31.594211507636317	-4.451325697214751	0.28082889318466187	0.34372302889823914	0.03550149127840996	0.8861954808235168
31.373329162597656	45.2623176574707	290.5813293457031	-16.991027470074375	47.9608489639065	12.516777869659032	2.540632963180542	1.6933077573776245	1.5803200006484985	2.776528835296631
6.439467430114746	11.345483779907227	127.5492935180664	36.43064046707587	59.007001376997664	24.685685223472095	1.100000023841858	0.5	4.519999980926514	0.5
6.439467430114746	11.345483779907227	127.5492935180664	36.43064046707587	59.007001376997664	24.685685223472095	1.100000023841858	0.5	0.9800000190734863	0.5
